-- MySQL dump 10.13  Distrib 8.0.19, for Linux (x86_64)
--
-- Host: localhost    Database: vk
-- ------------------------------------------------------
-- Server version	8.0.19

/*!40101 SET @OLD_CHARACTER_SET_CLIENT=@@CHARACTER_SET_CLIENT */;
/*!40101 SET @OLD_CHARACTER_SET_RESULTS=@@CHARACTER_SET_RESULTS */;
/*!40101 SET @OLD_COLLATION_CONNECTION=@@COLLATION_CONNECTION */;
/*!50503 SET NAMES utf8mb4 */;
/*!40103 SET @OLD_TIME_ZONE=@@TIME_ZONE */;
/*!40103 SET TIME_ZONE='+00:00' */;
/*!40014 SET @OLD_UNIQUE_CHECKS=@@UNIQUE_CHECKS, UNIQUE_CHECKS=0 */;
/*!40014 SET @OLD_FOREIGN_KEY_CHECKS=@@FOREIGN_KEY_CHECKS, FOREIGN_KEY_CHECKS=0 */;
/*!40101 SET @OLD_SQL_MODE=@@SQL_MODE, SQL_MODE='NO_AUTO_VALUE_ON_ZERO' */;
/*!40111 SET @OLD_SQL_NOTES=@@SQL_NOTES, SQL_NOTES=0 */;

--
-- Table structure for table `communities`
--

DROP TABLE IF EXISTS `communities`;
/*!40101 SET @saved_cs_client     = @@character_set_client */;
/*!50503 SET character_set_client = utf8mb4 */;
CREATE TABLE `communities` (
  `id` int unsigned NOT NULL AUTO_INCREMENT,
  `name` varchar(150) CHARACTER SET utf8 COLLATE utf8_unicode_ci NOT NULL,
  `description` longtext COLLATE utf8_unicode_ci,
  PRIMARY KEY (`id`),
  UNIQUE KEY `name` (`name`)
) ENGINE=InnoDB AUTO_INCREMENT=101 DEFAULT CHARSET=utf8 COLLATE=utf8_unicode_ci;
/*!40101 SET character_set_client = @saved_cs_client */;

--
-- Dumping data for table `communities`
--

LOCK TABLES `communities` WRITE;
/*!40000 ALTER TABLE `communities` DISABLE KEYS */;
INSERT INTO `communities` VALUES (1,'asperiores',NULL),(2,'quidem',NULL),(3,'optio',NULL),(4,'magni',NULL),(5,'aut',NULL),(6,'omnis',NULL),(7,'cupiditate',NULL),(8,'sint',NULL),(9,'assumenda',NULL),(10,'necessitatibus',NULL),(11,'qui',NULL),(12,'occaecati',NULL),(13,'ullam',NULL),(14,'rem',NULL),(15,'corporis',NULL),(16,'veniam',NULL),(17,'repellendus',NULL),(18,'nisi',NULL),(19,'fugiat',NULL),(20,'reiciendis',NULL);
/*!40000 ALTER TABLE `communities` ENABLE KEYS */;
UNLOCK TABLES;

--
-- Table structure for table `communities_user`
--

DROP TABLE IF EXISTS `communities_user`;
/*!40101 SET @saved_cs_client     = @@character_set_client */;
/*!50503 SET character_set_client = utf8mb4 */;
CREATE TABLE `communities_user` (
  `community_id` int unsigned NOT NULL,
  `user_id` int unsigned NOT NULL,
  `joined_on` datetime DEFAULT CURRENT_TIMESTAMP,
  `is_admin` tinyint(1) DEFAULT NULL,
  `is_moderator` tinyint(1) DEFAULT NULL,
  PRIMARY KEY (`community_id`,`user_id`)
) ENGINE=InnoDB DEFAULT CHARSET=utf8 COLLATE=utf8_unicode_ci;
/*!40101 SET character_set_client = @saved_cs_client */;

--
-- Dumping data for table `communities_user`
--

LOCK TABLES `communities_user` WRITE;
/*!40000 ALTER TABLE `communities_user` DISABLE KEYS */;
INSERT INTO `communities_user` VALUES (1,2,'2020-03-04 23:50:01',NULL,NULL),(1,15,'2020-03-04 23:50:01',NULL,NULL),(1,27,'2020-03-04 23:50:01',NULL,NULL),(1,36,'2020-03-04 23:50:01',NULL,NULL),(1,47,'2020-03-04 23:50:01',NULL,NULL),(1,84,'2020-03-04 23:50:01',NULL,NULL),(1,88,'2020-03-04 23:50:01',NULL,NULL),(2,13,'2020-03-04 23:50:01',NULL,NULL),(2,79,'2020-03-04 23:50:01',NULL,NULL),(2,94,'2020-03-04 23:50:01',NULL,NULL),(3,56,'2020-03-04 23:50:01',NULL,NULL),(3,65,'2020-03-04 23:50:01',NULL,NULL),(3,77,'2020-03-04 23:50:01',NULL,NULL),(3,83,'2020-03-04 23:50:01',NULL,NULL),(3,89,'2020-03-04 23:50:01',NULL,NULL),(4,13,'2020-03-04 23:50:01',NULL,NULL),(4,17,'2020-03-04 23:50:01',NULL,NULL),(4,18,'2020-03-04 23:50:01',NULL,NULL),(4,46,'2020-03-04 23:50:01',NULL,NULL),(4,50,'2020-03-04 23:50:01',NULL,NULL),(4,89,'2020-03-04 23:50:01',NULL,NULL),(5,54,'2020-03-04 23:50:01',NULL,NULL),(5,63,'2020-03-04 23:50:01',NULL,NULL),(6,19,'2020-03-04 23:50:01',NULL,NULL),(6,22,'2020-03-04 23:50:01',NULL,NULL),(6,25,'2020-03-04 23:50:01',NULL,NULL),(6,94,'2020-03-04 23:50:01',NULL,NULL),(7,26,'2020-03-04 23:50:01',NULL,NULL),(7,58,'2020-03-04 23:50:01',NULL,NULL),(7,66,'2020-03-04 23:50:01',NULL,NULL),(7,69,'2020-03-04 23:50:01',NULL,NULL),(7,85,'2020-03-04 23:50:01',NULL,NULL),(8,26,'2020-03-04 23:50:01',NULL,NULL),(8,27,'2020-03-04 23:50:01',NULL,NULL),(8,30,'2020-03-04 23:50:01',NULL,NULL),(8,78,'2020-03-04 23:50:01',NULL,NULL),(8,100,'2020-03-04 23:50:01',NULL,NULL),(9,8,'2020-03-04 23:50:01',NULL,NULL),(9,39,'2020-03-04 23:50:01',NULL,NULL),(9,85,'2020-03-04 23:50:01',NULL,NULL),(10,23,'2020-03-04 23:50:01',NULL,NULL),(10,25,'2020-03-04 23:50:01',NULL,NULL),(10,49,'2020-03-04 23:50:01',NULL,NULL),(10,71,'2020-03-04 23:50:01',NULL,NULL),(10,74,'2020-03-04 23:50:01',NULL,NULL),(10,83,'2020-03-04 23:50:01',NULL,NULL),(10,91,'2020-03-04 23:50:01',NULL,NULL),(11,12,'2020-03-04 23:50:01',NULL,NULL),(11,33,'2020-03-04 23:50:01',NULL,NULL),(11,59,'2020-03-04 23:50:01',NULL,NULL),(11,80,'2020-03-04 23:50:01',NULL,NULL),(11,98,'2020-03-04 23:50:01',NULL,NULL),(12,6,'2020-03-04 23:50:01',NULL,NULL),(12,11,'2020-03-04 23:50:01',NULL,NULL),(12,21,'2020-03-04 23:50:01',NULL,NULL),(12,37,'2020-03-04 23:50:01',NULL,NULL),(12,44,'2020-03-04 23:50:01',NULL,NULL),(12,73,'2020-03-04 23:50:01',NULL,NULL),(12,81,'2020-03-04 23:50:01',NULL,NULL),(12,84,'2020-03-04 23:50:01',NULL,NULL),(13,6,'2020-03-04 23:50:01',NULL,NULL),(13,9,'2020-03-04 23:50:01',NULL,NULL),(13,27,'2020-03-04 23:50:01',NULL,NULL),(13,56,'2020-03-04 23:50:01',NULL,NULL),(13,71,'2020-03-04 23:50:01',NULL,NULL),(13,81,'2020-03-04 23:50:01',NULL,NULL),(13,93,'2020-03-04 23:50:01',NULL,NULL),(14,30,'2020-03-04 23:50:01',NULL,NULL),(14,31,'2020-03-04 23:50:01',NULL,NULL),(14,53,'2020-03-04 23:50:01',NULL,NULL),(14,58,'2020-03-04 23:50:01',NULL,NULL),(14,84,'2020-03-04 23:50:01',NULL,NULL),(15,46,'2020-03-04 23:50:01',NULL,NULL),(15,51,'2020-03-04 23:50:01',NULL,NULL),(15,81,'2020-03-04 23:50:01',NULL,NULL),(15,88,'2020-03-04 23:50:01',NULL,NULL),(15,91,'2020-03-04 23:50:01',NULL,NULL),(16,12,'2020-03-04 23:50:01',NULL,NULL),(16,22,'2020-03-04 23:50:01',NULL,NULL),(16,44,'2020-03-04 23:50:01',NULL,NULL),(17,11,'2020-03-04 23:50:01',NULL,NULL),(17,46,'2020-03-04 23:50:01',NULL,NULL),(17,82,'2020-03-04 23:50:01',NULL,NULL),(18,24,'2020-03-04 23:50:01',NULL,NULL),(18,32,'2020-03-04 23:50:01',NULL,NULL),(18,36,'2020-03-04 23:50:01',NULL,NULL),(18,42,'2020-03-04 23:50:01',NULL,NULL),(18,74,'2020-03-04 23:50:01',NULL,NULL),(19,10,'2020-03-04 23:50:01',NULL,NULL),(19,19,'2020-03-04 23:50:01',NULL,NULL),(19,37,'2020-03-04 23:50:01',NULL,NULL),(19,50,'2020-03-04 23:50:01',NULL,NULL),(19,72,'2020-03-04 23:50:01',NULL,NULL),(19,76,'2020-03-04 23:50:01',NULL,NULL),(19,81,'2020-03-04 23:50:01',NULL,NULL),(19,83,'2020-03-04 23:50:01',NULL,NULL),(20,14,'2020-03-04 23:50:01',NULL,NULL),(20,21,'2020-03-04 23:50:01',NULL,NULL),(20,32,'2020-03-04 23:50:01',NULL,NULL),(20,71,'2020-03-04 23:50:01',NULL,NULL);
/*!40000 ALTER TABLE `communities_user` ENABLE KEYS */;
UNLOCK TABLES;

--
-- Table structure for table `friends`
--

DROP TABLE IF EXISTS `friends`;
/*!40101 SET @saved_cs_client     = @@character_set_client */;
/*!50503 SET character_set_client = utf8mb4 */;
CREATE TABLE `friends` (
  `user_id` int unsigned NOT NULL,
  `friend_id` int unsigned NOT NULL,
  `status_id` int unsigned NOT NULL,
  `requested_at` timestamp NULL DEFAULT CURRENT_TIMESTAMP,
  `confirmed_at` timestamp NOT NULL DEFAULT CURRENT_TIMESTAMP,
  PRIMARY KEY (`user_id`,`friend_id`)
) ENGINE=InnoDB DEFAULT CHARSET=utf8 COLLATE=utf8_unicode_ci;
/*!40101 SET character_set_client = @saved_cs_client */;

--
-- Dumping data for table `friends`
--

LOCK TABLES `friends` WRITE;
/*!40000 ALTER TABLE `friends` DISABLE KEYS */;
INSERT INTO `friends` VALUES (1,46,1,'2015-09-21 12:37:04','2020-03-04 20:31:34'),(2,20,3,'2016-08-10 11:24:07','2016-10-18 01:18:13'),(3,13,1,'2012-05-13 03:36:51','2016-01-31 22:16:39'),(3,81,1,'2017-02-25 20:54:39','2020-03-04 20:31:34'),(3,89,3,'2019-10-07 05:42:01','2020-03-04 20:31:34'),(7,48,1,'2012-05-11 04:04:14','2013-06-28 09:38:32'),(8,63,2,'2018-11-26 21:13:24','2020-03-04 20:31:34'),(8,80,3,'2014-02-02 13:32:30','2014-11-21 04:25:19'),(10,51,1,'2012-06-21 16:33:25','2020-03-04 20:31:34'),(11,92,3,'2019-05-08 12:03:10','2020-03-04 20:31:34'),(14,13,3,'2014-12-17 18:59:51','2015-06-01 03:05:46'),(16,98,2,'2010-08-27 03:42:15','2013-02-08 07:46:28'),(17,57,1,'2013-01-24 03:26:56','2015-04-13 21:58:33'),(19,44,1,'2019-11-09 00:30:39','2020-03-04 20:31:34'),(19,87,3,'2017-02-09 13:04:12','2019-05-09 08:14:07'),(20,54,3,'2017-03-21 06:01:35','2020-03-04 20:31:34'),(20,91,1,'2010-07-04 19:21:23','2010-10-09 04:01:21'),(21,62,2,'2014-05-20 06:01:01','2014-08-08 16:39:04'),(22,4,1,'2019-01-01 06:27:37','2020-03-04 20:31:34'),(22,62,2,'2010-08-09 13:08:29','2015-02-24 18:47:15'),(22,73,3,'2017-10-04 04:20:10','2020-03-04 20:31:34'),(24,84,1,'2017-12-08 04:20:24','2020-03-04 20:31:34'),(25,70,1,'2014-02-23 07:41:59','2020-01-18 01:14:04'),(25,90,3,'2018-07-29 11:38:25','2020-03-04 20:31:34'),(26,54,2,'2017-06-07 23:59:57','2020-03-04 20:31:34'),(27,81,1,'2011-02-16 00:29:28','2013-05-21 04:50:03'),(30,32,3,'2018-03-09 01:51:30','2020-03-04 20:31:34'),(30,69,2,'2019-12-07 12:30:06','2020-03-04 20:31:34'),(30,74,3,'2015-09-15 14:10:19','2020-03-04 20:31:34'),(31,6,1,'2011-04-08 08:06:53','2016-07-25 14:52:30'),(31,38,3,'2016-06-23 18:20:36','2020-03-04 20:31:34'),(33,89,3,'2012-08-18 13:55:12','2019-09-21 10:40:07'),(35,100,2,'2015-05-11 07:13:48','2016-05-11 07:53:24'),(36,13,2,'2011-02-14 02:02:55','2013-12-04 21:22:28'),(36,59,2,'2010-12-26 09:18:26','2013-05-28 22:37:58'),(37,78,3,'2012-04-11 01:08:35','2014-10-22 09:50:22'),(37,100,2,'2019-12-21 17:33:04','2020-03-04 20:31:34'),(38,86,2,'2016-03-14 11:16:11','2020-03-04 20:31:34'),(41,21,1,'2019-06-25 15:37:58','2020-03-04 20:31:34'),(42,16,1,'2016-11-05 06:10:18','2017-05-03 19:55:08'),(42,87,1,'2010-10-17 11:19:13','2020-03-04 20:31:34'),(43,25,3,'2017-02-24 16:33:36','2020-03-04 20:31:34'),(43,50,3,'2015-12-05 10:14:52','2020-03-04 20:31:34'),(44,21,2,'2013-12-04 03:46:31','2014-11-26 08:32:30'),(45,94,2,'2010-09-25 07:21:33','2015-07-27 11:02:02'),(45,96,1,'2015-10-07 13:11:42','2018-10-31 11:19:10'),(46,77,2,'2018-11-12 20:19:52','2020-01-09 04:41:59'),(47,47,3,'2018-08-25 03:22:39','2019-06-26 13:47:11'),(48,63,1,'2011-09-28 13:01:18','2015-03-29 16:48:05'),(50,92,2,'2015-06-10 17:32:37','2017-07-11 14:46:10'),(53,16,2,'2011-03-30 11:40:28','2020-03-04 20:31:34'),(53,41,1,'2011-02-19 03:09:21','2017-07-06 01:45:38'),(54,59,2,'2011-04-11 03:39:45','2012-05-03 10:24:17'),(55,59,3,'2012-07-11 17:45:49','2020-03-04 20:31:34'),(55,67,2,'2016-12-21 07:06:56','2020-03-04 20:31:34'),(55,76,1,'2017-02-09 08:03:35','2020-03-04 20:31:34'),(57,43,1,'2019-07-13 23:47:26','2020-03-04 20:31:34'),(57,75,1,'2014-07-03 14:37:38','2020-03-04 20:31:34'),(58,49,2,'2012-12-03 06:52:01','2020-03-04 20:31:34'),(62,77,3,'2010-03-31 15:23:48','2017-12-19 19:31:40'),(63,2,3,'2011-06-03 02:20:18','2016-09-25 21:44:15'),(63,100,3,'2015-02-21 19:17:21','2017-02-21 08:38:39'),(68,46,1,'2013-01-01 17:07:09','2020-02-21 19:23:09'),(70,63,1,'2016-02-12 03:15:32','2020-03-04 20:31:34'),(71,53,2,'2014-06-01 03:08:26','2014-07-25 04:48:19'),(71,60,2,'2013-06-17 20:15:44','2015-12-04 00:42:06'),(74,4,3,'2017-08-18 08:04:23','2020-03-04 20:31:34'),(74,75,3,'2014-08-10 13:08:33','2018-04-21 00:56:12'),(74,98,1,'2015-11-10 21:39:24','2020-03-04 20:31:34'),(75,69,1,'2018-11-29 06:28:59','2020-03-04 20:31:34'),(76,36,1,'2010-09-01 04:18:14','2016-07-20 02:24:27'),(76,38,3,'2013-12-04 08:59:46','2017-07-30 08:06:38'),(76,65,2,'2014-11-07 12:00:52','2020-03-04 20:31:34'),(76,70,2,'2017-12-28 07:44:24','2020-03-04 20:31:34'),(77,52,3,'2010-12-19 13:12:19','2017-04-03 12:22:34'),(78,28,2,'2015-03-26 20:56:03','2020-03-04 20:31:34'),(78,67,2,'2016-10-19 04:54:37','2020-03-04 20:31:34'),(80,35,2,'2016-05-23 10:33:26','2020-03-04 20:31:34'),(84,17,1,'2019-05-12 00:56:18','2020-03-04 20:31:34'),(87,52,1,'2017-05-30 01:42:58','2017-10-23 00:15:00'),(88,39,3,'2018-08-20 06:27:57','2020-03-04 20:31:34'),(89,69,2,'2015-04-11 01:31:48','2020-03-04 20:31:34'),(90,60,1,'2014-06-04 18:08:00','2016-01-11 22:56:03'),(91,66,3,'2015-08-05 02:34:46','2020-03-04 20:31:34'),(91,94,1,'2019-12-25 22:25:49','2020-03-04 20:31:34'),(94,72,3,'2016-02-29 18:54:29','2020-03-04 20:31:34'),(94,77,2,'2019-02-20 15:24:19','2020-03-04 20:31:34'),(94,96,3,'2019-06-09 21:46:01','2020-03-04 20:31:34'),(95,32,1,'2010-04-13 15:42:36','2014-06-13 11:45:57'),(95,34,1,'2017-06-08 23:52:53','2020-03-04 20:31:34'),(96,17,1,'2011-06-06 08:41:37','2020-03-04 20:31:34'),(96,61,2,'2010-11-19 08:39:30','2018-05-23 11:44:07'),(96,67,2,'2017-11-08 13:04:09','2020-03-04 20:31:34'),(96,70,3,'2017-03-15 06:43:52','2020-03-04 20:31:34'),(97,69,3,'2019-05-05 08:55:55','2020-03-04 20:31:34'),(97,96,2,'2017-08-26 12:22:36','2020-03-04 20:31:34'),(98,5,3,'2016-10-07 11:12:35','2020-03-04 20:31:34'),(98,14,2,'2016-02-04 17:33:40','2018-02-01 00:29:05'),(98,38,2,'2010-10-30 17:03:37','2015-08-10 00:21:32'),(100,68,3,'2020-01-20 14:13:33','2020-03-04 20:31:34');
/*!40000 ALTER TABLE `friends` ENABLE KEYS */;
UNLOCK TABLES;

--
-- Table structure for table `friendship_statuses`
--

DROP TABLE IF EXISTS `friendship_statuses`;
/*!40101 SET @saved_cs_client     = @@character_set_client */;
/*!50503 SET character_set_client = utf8mb4 */;
CREATE TABLE `friendship_statuses` (
  `id` int unsigned NOT NULL AUTO_INCREMENT,
  `name` varchar(30) CHARACTER SET utf8 COLLATE utf8_unicode_ci NOT NULL,
  PRIMARY KEY (`id`),
  UNIQUE KEY `name` (`name`)
) ENGINE=InnoDB AUTO_INCREMENT=4 DEFAULT CHARSET=utf8 COLLATE=utf8_unicode_ci;
/*!40101 SET character_set_client = @saved_cs_client */;

--
-- Dumping data for table `friendship_statuses`
--

LOCK TABLES `friendship_statuses` WRITE;
/*!40000 ALTER TABLE `friendship_statuses` DISABLE KEYS */;
INSERT INTO `friendship_statuses` VALUES (3,'Confirmed'),(2,'Rejected'),(1,'Requested');
/*!40000 ALTER TABLE `friendship_statuses` ENABLE KEYS */;
UNLOCK TABLES;

--
-- Table structure for table `media`
--

DROP TABLE IF EXISTS `media`;
/*!40101 SET @saved_cs_client     = @@character_set_client */;
/*!50503 SET character_set_client = utf8mb4 */;
CREATE TABLE `media` (
  `id` int unsigned NOT NULL AUTO_INCREMENT,
  `media_type_id` int unsigned NOT NULL,
  `user_id` int unsigned NOT NULL,
  `filename` varchar(255) CHARACTER SET utf8 COLLATE utf8_unicode_ci NOT NULL,
  `size` int NOT NULL,
  `metadata` json DEFAULT NULL,
  `created_at` timestamp NOT NULL DEFAULT CURRENT_TIMESTAMP,
  `updated_at` timestamp NOT NULL DEFAULT CURRENT_TIMESTAMP ON UPDATE CURRENT_TIMESTAMP,
  PRIMARY KEY (`id`)
) ENGINE=InnoDB AUTO_INCREMENT=101 DEFAULT CHARSET=utf8 COLLATE=utf8_unicode_ci;
/*!40101 SET character_set_client = @saved_cs_client */;

--
-- Dumping data for table `media`
--

LOCK TABLES `media` WRITE;
/*!40000 ALTER TABLE `media` DISABLE KEYS */;
INSERT INTO `media` VALUES (1,1,63,'https://mega.nz/vk/file_https://mega.nz/vk/file_dolor',902786,'{\"owner\": \"Ford Rowe\"}','2019-10-08 05:02:33','2020-03-04 20:24:28'),(2,3,94,'https://mega.nz/vk/file_https://mega.nz/vk/file_et',759869,'{\"owner\": \"Maximillia Considine\"}','2019-11-06 15:10:18','2020-03-04 20:24:28'),(3,3,79,'https://mega.nz/vk/file_https://mega.nz/vk/file_molestiae',812267,'{\"owner\": \"Nels Olson\"}','2019-03-10 17:29:20','2020-03-04 20:24:28'),(4,3,11,'https://mega.nz/vk/file_https://mega.nz/vk/file_in',296,'{\"owner\": \"Halie Cormier\"}','2019-11-21 11:31:46','2020-03-04 20:24:28'),(5,1,18,'https://mega.nz/vk/file_https://mega.nz/vk/file_sapiente',497379175,'{\"owner\": \"Santina Mayer\"}','2019-11-09 06:23:46','2020-03-04 20:24:28'),(6,2,55,'https://mega.nz/vk/file_https://mega.nz/vk/file_harum',23374092,'{\"owner\": \"Malvina Keebler\"}','2019-06-08 17:48:41','2020-03-04 20:24:28'),(7,3,23,'https://mega.nz/vk/file_https://mega.nz/vk/file_excepturi',7,'{\"owner\": \"Berniece Kohler\"}','2019-04-05 13:44:46','2020-03-04 20:24:28'),(8,2,49,'https://mega.nz/vk/file_https://mega.nz/vk/file_nostrum',653971,'{\"owner\": \"Kristin Smith\"}','2019-04-23 23:21:13','2020-03-04 20:24:28'),(9,3,74,'https://mega.nz/vk/file_https://mega.nz/vk/file_ipsum',725267,'{\"owner\": \"Pete Harvey\"}','2019-12-02 14:03:23','2020-03-04 20:24:28'),(10,1,22,'https://mega.nz/vk/file_https://mega.nz/vk/file_sit',4,'{\"owner\": \"Ayana Halvorson\"}','2019-07-14 03:36:58','2020-03-04 20:24:28'),(11,2,89,'https://mega.nz/vk/file_https://mega.nz/vk/file_fugit',83866216,'{\"owner\": \"Fannie Stracke\"}','2019-07-27 00:00:13','2020-03-04 20:24:28'),(12,1,77,'https://mega.nz/vk/file_https://mega.nz/vk/file_vel',91623767,'{\"owner\": \"Sylvester Weissnat\"}','2019-03-18 05:44:33','2020-03-04 20:24:28'),(13,2,19,'https://mega.nz/vk/file_https://mega.nz/vk/file_velit',3216,'{\"owner\": \"Jabari Simonis\"}','2019-12-15 15:19:24','2020-03-04 20:24:28'),(14,3,64,'https://mega.nz/vk/file_https://mega.nz/vk/file_recusandae',93,'{\"owner\": \"Leilani Moore\"}','2019-03-12 06:09:43','2020-03-04 20:24:28'),(15,1,64,'https://mega.nz/vk/file_https://mega.nz/vk/file_fugit',37565,'{\"owner\": \"Leilani Moore\"}','2019-04-26 07:24:42','2020-03-04 20:24:28'),(16,2,25,'https://mega.nz/vk/file_https://mega.nz/vk/file_voluptatibus',980249,'{\"owner\": \"Antonio Keeling\"}','2019-08-30 00:07:02','2020-03-04 20:24:28'),(17,1,32,'https://mega.nz/vk/file_https://mega.nz/vk/file_distinctio',929331,'{\"owner\": \"Sigmund Schmitt\"}','2019-06-05 15:58:19','2020-03-04 20:24:28'),(18,2,86,'https://mega.nz/vk/file_https://mega.nz/vk/file_autem',98363,'{\"owner\": \"Alessia Emard\"}','2019-06-13 01:38:49','2020-03-04 20:24:28'),(19,1,32,'https://mega.nz/vk/file_https://mega.nz/vk/file_maxime',361,'{\"owner\": \"Sigmund Schmitt\"}','2019-10-17 22:45:22','2020-03-04 20:24:28'),(20,2,4,'https://mega.nz/vk/file_https://mega.nz/vk/file_id',6439,'{\"owner\": \"Eileen Treutel\"}','2020-01-05 17:55:50','2020-03-04 20:24:28'),(21,3,21,'https://mega.nz/vk/file_https://mega.nz/vk/file_repudiandae',140303,'{\"owner\": \"Jake Graham\"}','2019-12-28 12:57:20','2020-03-04 20:24:28'),(22,2,93,'https://mega.nz/vk/file_https://mega.nz/vk/file_rerum',3954,'{\"owner\": \"Dejon Paucek\"}','2019-09-29 01:13:00','2020-03-04 20:24:28'),(23,2,1,'https://mega.nz/vk/file_https://mega.nz/vk/file_dolores',54,'{\"owner\": \"Miles Lubowitz\"}','2019-07-16 07:50:16','2020-03-04 20:24:28'),(24,1,25,'https://mega.nz/vk/file_https://mega.nz/vk/file_cupiditate',9077,'{\"owner\": \"Antonio Keeling\"}','2019-08-17 01:22:26','2020-03-04 20:24:28'),(25,1,22,'https://mega.nz/vk/file_https://mega.nz/vk/file_illo',31,'{\"owner\": \"Ayana Halvorson\"}','2019-10-18 16:19:21','2020-03-04 20:24:28'),(26,3,37,'https://mega.nz/vk/file_https://mega.nz/vk/file_hic',3851,'{\"owner\": \"Lola Mayert\"}','2019-07-27 20:34:25','2020-03-04 20:24:28'),(27,2,15,'https://mega.nz/vk/file_https://mega.nz/vk/file_accusantium',31,'{\"owner\": \"Weston Rutherford\"}','2019-12-26 23:07:23','2020-03-04 20:24:28'),(28,2,66,'https://mega.nz/vk/file_https://mega.nz/vk/file_odio',91005,'{\"owner\": \"Lamar Larson\"}','2020-02-25 15:57:29','2020-03-04 20:24:28'),(29,3,85,'https://mega.nz/vk/file_https://mega.nz/vk/file_dolores',8834861,'{\"owner\": \"Ella Champlin\"}','2019-11-12 10:02:27','2020-03-04 20:24:28'),(30,3,24,'https://mega.nz/vk/file_https://mega.nz/vk/file_aut',747685,'{\"owner\": \"Saige Nicolas\"}','2019-12-27 18:42:28','2020-03-04 20:24:28'),(31,2,65,'https://mega.nz/vk/file_https://mega.nz/vk/file_ullam',26,'{\"owner\": \"Isobel Ankunding\"}','2019-07-10 14:30:07','2020-03-04 20:24:28'),(32,1,55,'https://mega.nz/vk/file_https://mega.nz/vk/file_maiores',42589,'{\"owner\": \"Malvina Keebler\"}','2019-11-16 12:21:04','2020-03-04 20:24:28'),(33,1,77,'https://mega.nz/vk/file_https://mega.nz/vk/file_et',886787836,'{\"owner\": \"Sylvester Weissnat\"}','2019-05-13 03:30:53','2020-03-04 20:24:28'),(34,3,19,'https://mega.nz/vk/file_https://mega.nz/vk/file_sed',8730,'{\"owner\": \"Jabari Simonis\"}','2020-02-13 22:15:26','2020-03-04 20:24:28'),(35,3,65,'https://mega.nz/vk/file_https://mega.nz/vk/file_omnis',658,'{\"owner\": \"Isobel Ankunding\"}','2020-02-26 20:23:02','2020-03-04 20:24:28'),(36,3,69,'https://mega.nz/vk/file_https://mega.nz/vk/file_tenetur',51926,'{\"owner\": \"Emmanuelle Kuhlman\"}','2019-07-04 09:15:13','2020-03-04 20:24:28'),(37,3,46,'https://mega.nz/vk/file_https://mega.nz/vk/file_eaque',5,'{\"owner\": \"Tyrese Jenkins\"}','2019-06-27 01:19:46','2020-03-04 20:24:28'),(38,2,25,'https://mega.nz/vk/file_https://mega.nz/vk/file_quia',542,'{\"owner\": \"Antonio Keeling\"}','2020-02-03 23:19:01','2020-03-04 20:24:28'),(39,1,86,'https://mega.nz/vk/file_https://mega.nz/vk/file_doloremque',891445,'{\"owner\": \"Alessia Emard\"}','2019-07-03 05:49:57','2020-03-04 20:24:28'),(40,3,56,'https://mega.nz/vk/file_https://mega.nz/vk/file_et',34925,'{\"owner\": \"Seth Braun\"}','2019-11-27 07:35:38','2020-03-04 20:24:28'),(41,1,21,'https://mega.nz/vk/file_https://mega.nz/vk/file_sed',1613,'{\"owner\": \"Jake Graham\"}','2019-06-22 10:24:56','2020-03-04 20:24:28'),(42,2,35,'https://mega.nz/vk/file_https://mega.nz/vk/file_sed',884783,'{\"owner\": \"Morris Powlowski\"}','2019-05-21 04:15:24','2020-03-04 20:24:28'),(43,2,11,'https://mega.nz/vk/file_https://mega.nz/vk/file_est',807,'{\"owner\": \"Halie Cormier\"}','2019-11-21 00:06:13','2020-03-04 20:24:28'),(44,2,51,'https://mega.nz/vk/file_https://mega.nz/vk/file_modi',32950,'{\"owner\": \"Emilio Ratke\"}','2019-07-05 16:52:15','2020-03-04 20:24:28'),(45,2,19,'https://mega.nz/vk/file_https://mega.nz/vk/file_harum',12500999,'{\"owner\": \"Jabari Simonis\"}','2019-03-13 02:39:28','2020-03-04 20:24:28'),(46,3,44,'https://mega.nz/vk/file_https://mega.nz/vk/file_ut',3837,'{\"owner\": \"Toby Swaniawski\"}','2020-01-18 22:03:56','2020-03-04 20:24:28'),(47,2,63,'https://mega.nz/vk/file_https://mega.nz/vk/file_nulla',189,'{\"owner\": \"Ford Rowe\"}','2019-03-20 07:08:27','2020-03-04 20:24:28'),(48,3,82,'https://mega.nz/vk/file_https://mega.nz/vk/file_error',178,'{\"owner\": \"Gene Davis\"}','2019-09-08 20:38:59','2020-03-04 20:24:28'),(49,1,18,'https://mega.nz/vk/file_https://mega.nz/vk/file_est',9564,'{\"owner\": \"Santina Mayer\"}','2019-08-13 03:43:00','2020-03-04 20:24:28'),(50,2,46,'https://mega.nz/vk/file_https://mega.nz/vk/file_vel',104027202,'{\"owner\": \"Tyrese Jenkins\"}','2019-08-30 21:35:02','2020-03-04 20:24:28'),(51,2,75,'https://mega.nz/vk/file_https://mega.nz/vk/file_libero',1978,'{\"owner\": \"Zack Keebler\"}','2019-12-25 01:41:30','2020-03-04 20:24:28'),(52,1,36,'https://mega.nz/vk/file_https://mega.nz/vk/file_est',695907,'{\"owner\": \"Kamryn Reichert\"}','2019-07-09 22:30:32','2020-03-04 20:24:28'),(53,1,55,'https://mega.nz/vk/file_https://mega.nz/vk/file_aut',310,'{\"owner\": \"Malvina Keebler\"}','2019-03-04 03:01:13','2020-03-04 20:24:28'),(54,2,65,'https://mega.nz/vk/file_https://mega.nz/vk/file_et',930164012,'{\"owner\": \"Isobel Ankunding\"}','2020-01-01 00:45:35','2020-03-04 20:24:28'),(55,2,59,'https://mega.nz/vk/file_https://mega.nz/vk/file_cupiditate',63167065,'{\"owner\": \"Rollin Cruickshank\"}','2019-04-13 16:52:11','2020-03-04 20:24:28'),(56,2,100,'https://mega.nz/vk/file_https://mega.nz/vk/file_voluptate',681546,'{\"owner\": \"Erna Luettgen\"}','2019-11-07 21:05:43','2020-03-04 20:24:28'),(57,3,21,'https://mega.nz/vk/file_https://mega.nz/vk/file_possimus',442248,'{\"owner\": \"Jake Graham\"}','2020-01-01 04:02:58','2020-03-04 20:24:28'),(58,3,6,'https://mega.nz/vk/file_https://mega.nz/vk/file_et',53069,'{\"owner\": \"Jailyn Gutmann\"}','2019-08-04 16:22:41','2020-03-04 20:24:28'),(59,2,66,'https://mega.nz/vk/file_https://mega.nz/vk/file_voluptate',830405,'{\"owner\": \"Lamar Larson\"}','2019-08-07 06:14:13','2020-03-04 20:24:28'),(60,2,13,'https://mega.nz/vk/file_https://mega.nz/vk/file_ad',849357881,'{\"owner\": \"Catalina King\"}','2019-08-08 01:03:57','2020-03-04 20:24:28'),(61,2,65,'https://mega.nz/vk/file_https://mega.nz/vk/file_aut',31226,'{\"owner\": \"Isobel Ankunding\"}','2019-12-12 23:55:08','2020-03-04 20:24:28'),(62,3,87,'https://mega.nz/vk/file_https://mega.nz/vk/file_aperiam',402241,'{\"owner\": \"Dina Price\"}','2020-02-02 23:26:49','2020-03-04 20:24:28'),(63,2,38,'https://mega.nz/vk/file_https://mega.nz/vk/file_qui',310006,'{\"owner\": \"Sibyl Green\"}','2019-12-09 11:04:51','2020-03-04 20:24:28'),(64,2,29,'https://mega.nz/vk/file_https://mega.nz/vk/file_rerum',495396,'{\"owner\": \"Kory Bechtelar\"}','2020-01-20 00:42:23','2020-03-04 20:24:28'),(65,3,31,'https://mega.nz/vk/file_https://mega.nz/vk/file_incidunt',5500649,'{\"owner\": \"Lawson Upton\"}','2019-08-06 04:59:46','2020-03-04 20:24:28'),(66,3,69,'https://mega.nz/vk/file_https://mega.nz/vk/file_magni',597018126,'{\"owner\": \"Emmanuelle Kuhlman\"}','2019-05-19 05:05:48','2020-03-04 20:24:28'),(67,3,51,'https://mega.nz/vk/file_https://mega.nz/vk/file_qui',2826,'{\"owner\": \"Emilio Ratke\"}','2019-06-30 00:55:16','2020-03-04 20:24:28'),(68,3,47,'https://mega.nz/vk/file_https://mega.nz/vk/file_est',6727,'{\"owner\": \"Dominique Gleichner\"}','2019-08-29 03:47:53','2020-03-04 20:24:28'),(69,2,83,'https://mega.nz/vk/file_https://mega.nz/vk/file_laudantium',59112,'{\"owner\": \"Macey Ziemann\"}','2019-03-27 05:04:32','2020-03-04 20:24:28'),(70,1,73,'https://mega.nz/vk/file_https://mega.nz/vk/file_cum',358166,'{\"owner\": \"Pearlie Oberbrunner\"}','2019-04-28 03:04:14','2020-03-04 20:24:28'),(71,3,14,'https://mega.nz/vk/file_https://mega.nz/vk/file_nemo',799880475,'{\"owner\": \"Kelsi Thompson\"}','2019-09-07 09:50:15','2020-03-04 20:24:28'),(72,1,51,'https://mega.nz/vk/file_https://mega.nz/vk/file_et',87179813,'{\"owner\": \"Emilio Ratke\"}','2019-07-15 13:24:38','2020-03-04 20:24:28'),(73,2,11,'https://mega.nz/vk/file_https://mega.nz/vk/file_beatae',3,'{\"owner\": \"Halie Cormier\"}','2019-11-20 22:59:08','2020-03-04 20:24:28'),(74,3,2,'https://mega.nz/vk/file_https://mega.nz/vk/file_quasi',36273,'{\"owner\": \"Efrain Frami\"}','2019-03-21 18:45:47','2020-03-04 20:24:28'),(75,1,76,'https://mega.nz/vk/file_https://mega.nz/vk/file_fugit',1249,'{\"owner\": \"Catalina Hodkiewicz\"}','2019-10-11 00:48:54','2020-03-04 20:24:28'),(76,2,74,'https://mega.nz/vk/file_https://mega.nz/vk/file_sed',468907741,'{\"owner\": \"Pete Harvey\"}','2019-10-20 22:34:30','2020-03-04 20:24:28'),(77,2,44,'https://mega.nz/vk/file_https://mega.nz/vk/file_eos',1943,'{\"owner\": \"Toby Swaniawski\"}','2020-01-08 03:17:10','2020-03-04 20:24:28'),(78,1,94,'https://mega.nz/vk/file_https://mega.nz/vk/file_sunt',536960,'{\"owner\": \"Maximillia Considine\"}','2019-09-26 10:50:12','2020-03-04 20:24:28'),(79,2,40,'https://mega.nz/vk/file_https://mega.nz/vk/file_incidunt',1,'{\"owner\": \"Lempi Jacobson\"}','2019-08-06 03:50:07','2020-03-04 20:24:28'),(80,2,16,'https://mega.nz/vk/file_https://mega.nz/vk/file_suscipit',6294,'{\"owner\": \"Chasity Borer\"}','2019-05-21 10:38:36','2020-03-04 20:24:28'),(81,3,62,'https://mega.nz/vk/file_https://mega.nz/vk/file_ipsum',846666411,'{\"owner\": \"Merritt Lehner\"}','2019-05-09 22:39:26','2020-03-04 20:24:28'),(82,2,60,'https://mega.nz/vk/file_https://mega.nz/vk/file_qui',586899,'{\"owner\": \"Davonte Ratke\"}','2020-01-10 13:05:32','2020-03-04 20:24:28'),(83,2,12,'https://mega.nz/vk/file_https://mega.nz/vk/file_aut',191797,'{\"owner\": \"Zakary Wiegand\"}','2019-12-07 22:28:21','2020-03-04 20:24:28'),(84,3,81,'https://mega.nz/vk/file_https://mega.nz/vk/file_doloribus',26002951,'{\"owner\": \"Hilton Glover\"}','2020-01-05 07:56:54','2020-03-04 20:24:28'),(85,1,69,'https://mega.nz/vk/file_https://mega.nz/vk/file_enim',7,'{\"owner\": \"Emmanuelle Kuhlman\"}','2019-06-19 01:06:28','2020-03-04 20:24:28'),(86,3,100,'https://mega.nz/vk/file_https://mega.nz/vk/file_est',315080,'{\"owner\": \"Erna Luettgen\"}','2019-10-02 14:18:23','2020-03-04 20:24:28'),(87,2,93,'https://mega.nz/vk/file_https://mega.nz/vk/file_numquam',276,'{\"owner\": \"Dejon Paucek\"}','2020-01-15 16:29:18','2020-03-04 20:24:28'),(88,1,65,'https://mega.nz/vk/file_https://mega.nz/vk/file_adipisci',46,'{\"owner\": \"Isobel Ankunding\"}','2019-09-01 20:11:31','2020-03-04 20:24:28'),(89,3,44,'https://mega.nz/vk/file_https://mega.nz/vk/file_quos',457885632,'{\"owner\": \"Toby Swaniawski\"}','2020-02-24 19:40:32','2020-03-04 20:24:28'),(90,3,25,'https://mega.nz/vk/file_https://mega.nz/vk/file_sit',418,'{\"owner\": \"Antonio Keeling\"}','2019-08-07 20:09:22','2020-03-04 20:24:28'),(91,3,95,'https://mega.nz/vk/file_https://mega.nz/vk/file_est',50563674,'{\"owner\": \"Aracely Weimann\"}','2019-12-25 22:13:28','2020-03-04 20:24:28'),(92,3,97,'https://mega.nz/vk/file_https://mega.nz/vk/file_occaecati',217107777,'{\"owner\": \"Kaya Becker\"}','2020-01-25 20:44:30','2020-03-04 20:24:28'),(93,3,100,'https://mega.nz/vk/file_https://mega.nz/vk/file_velit',17861593,'{\"owner\": \"Erna Luettgen\"}','2019-09-08 03:55:54','2020-03-04 20:24:28'),(94,3,7,'https://mega.nz/vk/file_https://mega.nz/vk/file_quas',213314,'{\"owner\": \"Will Muller\"}','2019-12-14 16:51:18','2020-03-04 20:24:28'),(95,2,36,'https://mega.nz/vk/file_https://mega.nz/vk/file_ea',7,'{\"owner\": \"Kamryn Reichert\"}','2020-01-08 05:27:30','2020-03-04 20:24:28'),(96,3,56,'https://mega.nz/vk/file_https://mega.nz/vk/file_eos',3295,'{\"owner\": \"Seth Braun\"}','2019-04-23 23:24:10','2020-03-04 20:24:28'),(97,2,74,'https://mega.nz/vk/file_https://mega.nz/vk/file_quisquam',776623,'{\"owner\": \"Pete Harvey\"}','2019-08-12 14:44:33','2020-03-04 20:24:28'),(98,1,1,'https://mega.nz/vk/file_https://mega.nz/vk/file_id',44,'{\"owner\": \"Miles Lubowitz\"}','2019-05-12 02:58:21','2020-03-04 20:24:28'),(99,3,81,'https://mega.nz/vk/file_https://mega.nz/vk/file_ullam',188612,'{\"owner\": \"Hilton Glover\"}','2019-05-27 23:15:06','2020-03-04 20:24:28'),(100,1,4,'https://mega.nz/vk/file_https://mega.nz/vk/file_sunt',3,'{\"owner\": \"Eileen Treutel\"}','2020-01-08 18:49:57','2020-03-04 20:24:28');
/*!40000 ALTER TABLE `media` ENABLE KEYS */;
UNLOCK TABLES;

--
-- Table structure for table `media_types`
--

DROP TABLE IF EXISTS `media_types`;
/*!40101 SET @saved_cs_client     = @@character_set_client */;
/*!50503 SET character_set_client = utf8mb4 */;
CREATE TABLE `media_types` (
  `id` int unsigned NOT NULL AUTO_INCREMENT,
  `name` varchar(10) CHARACTER SET utf8 COLLATE utf8_unicode_ci NOT NULL,
  PRIMARY KEY (`id`),
  UNIQUE KEY `name` (`name`)
) ENGINE=InnoDB AUTO_INCREMENT=4 DEFAULT CHARSET=utf8 COLLATE=utf8_unicode_ci;
/*!40101 SET character_set_client = @saved_cs_client */;

--
-- Dumping data for table `media_types`
--

LOCK TABLES `media_types` WRITE;
/*!40000 ALTER TABLE `media_types` DISABLE KEYS */;
INSERT INTO `media_types` VALUES (3,'audio'),(1,'photo'),(2,'video');
/*!40000 ALTER TABLE `media_types` ENABLE KEYS */;
UNLOCK TABLES;

--
-- Table structure for table `messages`
--

DROP TABLE IF EXISTS `messages`;
/*!40101 SET @saved_cs_client     = @@character_set_client */;
/*!50503 SET character_set_client = utf8mb4 */;
CREATE TABLE `messages` (
  `id` int unsigned NOT NULL,
  `from_user_id` int unsigned NOT NULL,
  `to_user_id` int unsigned NOT NULL,
  `body` text CHARACTER SET utf8 COLLATE utf8_unicode_ci NOT NULL,
  `is_important` tinyint(1) DEFAULT NULL,
  `is_delivered` tinyint(1) DEFAULT NULL,
  `is_read` tinyint(1) DEFAULT NULL,
  `created_at` timestamp NOT NULL DEFAULT CURRENT_TIMESTAMP,
  PRIMARY KEY (`id`)
) ENGINE=InnoDB DEFAULT CHARSET=utf8 COLLATE=utf8_unicode_ci;
/*!40101 SET character_set_client = @saved_cs_client */;

--
-- Dumping data for table `messages`
--

LOCK TABLES `messages` WRITE;
/*!40000 ALTER TABLE `messages` DISABLE KEYS */;
INSERT INTO `messages` VALUES (1,19,1,'Eum quo occaecati aut harum nihil. Non sed aliquid eligendi quas. Sit veritatis minima id.',1,1,1,'2019-08-06 11:52:23'),(2,47,31,'Omnis expedita optio quibusdam et. Quos ex et rerum aspernatur laborum aliquid unde qui. Qui et cupiditate doloribus corporis. Temporibus nam iste est neque fugiat neque.',1,0,1,'2019-12-09 06:46:48'),(3,16,85,'Rerum rerum sint iusto debitis dignissimos. Ullam harum ratione qui debitis ut quis est. Recusandae pariatur omnis repellendus ipsum aut libero. Officiis sequi non odio illo laboriosam labore. Nesciunt dolor itaque qui saepe.',1,1,0,'2019-06-05 08:44:50'),(5,77,29,'Nulla fugiat suscipit consequatur ad culpa odit. Ut voluptas quidem modi corrupti eos. Sint eius harum ad sit est architecto explicabo. Sunt nostrum qui iste repudiandae velit enim.',1,1,0,'2020-02-20 09:56:17'),(6,12,31,'Impedit nesciunt ut reprehenderit fuga. Tenetur aut ipsa voluptatem debitis. Labore labore veniam impedit libero unde id reiciendis. Quod facilis consequuntur veniam voluptas laudantium rerum.',0,0,1,'2019-10-21 20:56:29'),(8,13,78,'Et nihil reiciendis fugiat esse delectus eos quibusdam. Voluptas minus officiis deleniti est vitae. Sed exercitationem tenetur aliquid dolor quod. Architecto earum et vel voluptatem assumenda.',1,1,1,'2020-01-21 23:50:48'),(9,51,22,'Sed eveniet repellat natus magnam. Dignissimos a occaecati hic eum. Quasi ab commodi nihil voluptatem error quia. Reprehenderit sit officiis dignissimos aut aliquid dolores voluptas.',0,0,0,'2019-05-25 20:07:34'),(18,55,10,'Recusandae qui et consectetur reiciendis aspernatur nesciunt nobis. Sed nam rem non veritatis eos quaerat voluptatem. Ea non est illum vero tempora fugit deserunt alias. Dolor ducimus perspiciatis nesciunt voluptas culpa id rem.',0,0,0,'2019-04-02 04:59:59'),(22,82,81,'Quisquam accusamus quia consequatur et vero rerum odio. Dignissimos qui commodi voluptatum. Deserunt et consequatur et vel enim.',1,1,1,'2020-02-05 16:19:23'),(41,58,48,'Officiis repellendus error sequi non ex accusantium. Ut sed consequuntur praesentium et voluptatem. Harum beatae sunt sit aliquam voluptatem sit. Aut est voluptatibus dignissimos repellat.',1,1,1,'2019-10-18 02:08:49'),(48,64,77,'Quasi autem dolores quis dolorem occaecati est ullam. Itaque maxime velit porro ipsum quae vero minus. Aut mollitia accusamus ducimus nemo deleniti id.',1,0,0,'2019-06-18 16:14:37'),(59,90,21,'Nesciunt sit et ratione provident aperiam consequatur. A expedita sed aut fugit dolore occaecati reiciendis placeat. Dolorem vitae voluptatibus accusantium. Soluta dicta blanditiis dolorum et sunt qui.',0,0,0,'2019-03-31 22:33:45'),(88,33,2,'Libero non praesentium molestiae debitis officia nihil qui. Aut in dolores voluptatibus voluptatum minima illo. Saepe illum quia reiciendis nostrum amet officiis.',0,1,0,'2019-04-16 16:27:27'),(89,12,51,'Nobis quos velit libero dolor fugiat. Cum est magni est minima dolor. Quod deleniti amet impedit sapiente et. Fuga officia iure quia nobis.',1,0,0,'2019-11-23 22:25:00'),(91,20,44,'Dolores et voluptate et dicta ratione eius. Voluptas illum molestiae nihil numquam. Eos quisquam nulla voluptas modi qui consequatur.',0,1,1,'2020-01-17 16:01:32'),(93,61,73,'Distinctio quas autem laborum fugiat laboriosam repellat. Sit iste sit quisquam aut delectus omnis. Qui et quia quos voluptatum qui aliquid.',1,0,1,'2019-11-26 11:49:54'),(94,83,93,'Autem itaque voluptatem eligendi voluptas velit. Ipsam et accusantium sit nihil maxime quod. Fuga et at autem.',1,0,0,'2019-03-12 10:21:23'),(95,14,93,'Molestiae doloremque commodi et vero tempore eveniet eum. Reiciendis quia dolor quam amet ipsa molestiae. Reprehenderit nam at eaque hic tempore quis non. Numquam optio enim tenetur.',0,0,0,'2019-10-02 23:01:10'),(102,22,29,'Voluptatem accusantium dolorem pariatur minus accusantium tempora eum. Nihil rerum sunt maiores neque pariatur repudiandae qui. Ipsam omnis pariatur quae.',1,1,1,'2020-02-17 14:32:50'),(112,81,16,'Voluptatem est earum quia. Adipisci deserunt aliquid et magni quae expedita. Et voluptas numquam dicta eum quia quibusdam ut.',1,1,0,'2019-11-11 13:30:38'),(176,39,43,'Aperiam eos nisi enim sed impedit. Quos nihil possimus consectetur facilis. Ea sed qui aut suscipit voluptas.',0,1,1,'2019-08-20 22:55:59'),(195,100,71,'Nihil voluptas dolores qui quidem. Blanditiis quaerat doloribus iure quaerat eligendi sit. Facere iusto sed omnis perspiciatis voluptatum maxime assumenda laboriosam. Quisquam molestias atque sit quidem iste velit.',1,0,1,'2019-11-06 21:58:18'),(318,55,60,'Omnis beatae necessitatibus et animi eos sed sunt. Occaecati eligendi ut ducimus quo soluta quasi quod. Temporibus velit quia aliquid sed velit officia. Sint nulla occaecati eaque earum corporis rerum earum.',0,0,0,'2020-02-01 19:21:19'),(435,33,88,'Harum assumenda esse et est vel. Iusto vero quia aliquam est delectus modi. In excepturi beatae est repellendus non et.',0,0,0,'2020-01-19 22:44:11'),(589,37,21,'Est nostrum consequuntur praesentium mollitia voluptas. Facere saepe dolorem quasi. Ut dolore voluptatem reiciendis qui. Eum vel quisquam totam ut non in.',1,1,0,'2019-11-12 08:52:03'),(668,95,13,'Possimus quia voluptate ex voluptas eveniet temporibus ipsa reprehenderit. Facere repellat possimus dolores rerum et ducimus consequatur nihil. Dolore minima quae autem odio consequuntur eos expedita ut.',0,0,0,'2019-06-10 01:55:27'),(699,77,45,'Numquam sint deserunt velit quam. Tempore distinctio et voluptatibus nihil numquam vero non consequatur. Ipsa tempore suscipit ut iure doloremque ipsam quae.',1,0,0,'2019-07-09 04:01:46'),(722,95,38,'Repellendus laudantium fuga ullam dolores. Dolorem magnam laudantium pariatur non eaque voluptas explicabo. Laborum et consequuntur laboriosam natus debitis sapiente. Totam accusantium iure corporis aut necessitatibus.',0,0,1,'2020-01-25 09:13:00'),(838,4,8,'Sit debitis voluptates quia ut nostrum sed et. Voluptates alias reprehenderit minus. Molestiae voluptas et magnam voluptatibus aut nam.',1,1,0,'2019-04-15 18:58:30'),(852,25,100,'Sunt ratione earum dolor ipsa porro. Debitis doloribus aut quos numquam consequatur veniam nam. Sit nostrum dolorum suscipit.',0,1,1,'2019-09-03 19:41:39'),(921,27,33,'Nesciunt a voluptates officia ut tempore nulla. Deserunt in rem similique ea provident sed. Nostrum sit itaque maxime cupiditate. Soluta illo officiis occaecati non delectus voluptas vel. Voluptatem occaecati et fugit incidunt aut quod ab velit.',1,0,0,'2020-01-04 12:54:08'),(946,83,18,'Sunt et mollitia illo sit ipsam consequatur. Qui id asperiores repellendus aliquam maxime est adipisci. Sint voluptatem vero in optio. Reiciendis excepturi enim et ut et atque adipisci.',1,0,1,'2019-09-28 10:36:16'),(951,38,38,'Itaque fuga architecto consequatur aperiam placeat enim ut. Laudantium optio provident aperiam necessitatibus. In quia sed fugit temporibus ut. Quo quia est nostrum et.',1,0,1,'2019-07-21 02:04:48'),(1295,74,55,'Porro adipisci et doloremque est est praesentium. Ipsa alias nesciunt eius aliquam sit vel. Dicta id et quia dicta. Veniam accusantium fugiat et at explicabo illo.',0,0,1,'2019-09-26 08:52:11'),(2184,52,96,'A labore minus distinctio. Fugit molestiae qui quaerat ut aut officia. Expedita delectus omnis iste. Quidem inventore quisquam fugiat labore laborum numquam quia doloribus.',1,0,1,'2019-10-17 09:07:57'),(2368,24,32,'Ut pariatur minus minus minima qui nihil. Recusandae itaque itaque delectus adipisci vel. Et officia libero mollitia.',1,1,0,'2020-01-17 17:15:59'),(2421,86,35,'Sed itaque quis consectetur aut nihil assumenda ullam. Cum aliquam accusamus rem dolorum autem. Aut hic aliquid consectetur qui eos ut omnis odit.',1,1,0,'2019-11-24 18:48:39'),(3742,18,82,'Dolorem sint accusantium sequi odio. Sed id et veritatis quas magnam. Voluptatibus fuga et suscipit ab quos consequatur dolores. Minus amet quas veritatis iusto in. Totam voluptas rerum et expedita molestias perspiciatis aliquid.',0,0,1,'2019-04-26 07:16:50'),(6320,57,38,'Rerum magni molestiae reprehenderit quas aut nobis. Laborum libero magnam sed.',0,0,0,'2019-04-26 01:27:57'),(6542,17,71,'Sed similique commodi consequatur magnam. Recusandae dolore minima itaque dolor consequuntur esse id. Nemo maxime id alias cum in libero temporibus. Aperiam temporibus esse harum voluptatem qui incidunt illum. Officiis tempora tenetur sit.',0,0,0,'2020-02-14 05:53:15'),(6624,3,3,'Sit sit quos quidem aut. Dolor voluptatum et enim in tenetur modi dignissimos.',0,0,0,'2020-01-01 16:14:37'),(7713,7,22,'Dolorem facere maxime nostrum odit fugit sit quibusdam. Et consectetur voluptatem enim voluptas ad inventore ut. Id maxime impedit non velit.',0,1,1,'2019-07-20 21:23:25'),(9647,91,87,'Exercitationem et ea consequatur perferendis aut aspernatur quisquam. Et odio expedita minus vel. Id neque perspiciatis ex earum et accusamus. Laborum qui amet nisi et ea. Quo est eligendi ut et ut.',1,0,1,'2019-05-15 14:46:09'),(9975,63,53,'Necessitatibus aut accusantium distinctio fugiat nihil. Consequuntur ducimus voluptatem et officia quia.',1,0,1,'2019-09-15 20:26:44'),(14374,74,12,'Quas tempora est amet est nihil quo et. Molestiae enim saepe accusamus rerum velit in placeat. Et occaecati nobis et quasi assumenda.',0,0,0,'2019-08-09 06:21:10'),(16220,39,57,'Consequuntur rerum nostrum suscipit sunt. Velit est non non iure. Minima assumenda voluptates repellat quia. Eos quia velit voluptates explicabo sunt.',1,1,0,'2020-01-06 14:02:16'),(28042,67,66,'Eos labore ea ratione velit. Rem laboriosam libero enim asperiores minima. Qui voluptate et ea id et soluta. Non qui aut id aut quis.',1,1,1,'2020-02-16 23:02:08'),(31098,27,38,'Necessitatibus autem non enim soluta enim reprehenderit aspernatur. Mollitia a voluptatem sapiente assumenda eligendi eveniet minus. Quo sed inventore ipsam commodi.',0,0,1,'2019-08-05 03:44:42'),(35688,6,18,'Ut et aut iusto ad. Mollitia voluptatem eius officiis quis et. Quo reprehenderit tempore quibusdam.',0,0,0,'2019-08-28 08:51:00'),(54583,71,99,'Delectus quod provident eum laudantium molestiae reprehenderit. Et rerum illo delectus sed nihil voluptas. Et recusandae et esse. Deserunt dolor et quasi.',1,0,0,'2019-09-17 08:47:50'),(55608,83,19,'Sint aspernatur iusto nihil recusandae laudantium cumque tempore. Rerum reprehenderit quis error sint. A harum quia est nihil.',1,0,0,'2019-12-20 04:19:05'),(58568,44,64,'Sequi dolor sed qui. Iste qui earum adipisci culpa dicta rerum.',0,0,0,'2019-12-01 23:50:27'),(65337,85,33,'Facilis eius enim sapiente debitis autem sit aut. Id rem autem dolorem adipisci maxime. Amet saepe esse deserunt fugiat. Enim labore dolore facere aut.',1,1,0,'2019-09-14 12:34:19'),(70509,11,56,'Saepe tempora sed temporibus ullam dignissimos sit excepturi totam. Quaerat voluptatibus fugiat beatae deserunt sit consequuntur quia. Architecto ducimus quis ut quos nemo.',1,0,1,'2019-06-14 01:53:15'),(105035,48,68,'Inventore est debitis mollitia atque id natus accusantium. Sapiente quam laudantium hic reiciendis. Nihil laborum quia et voluptate velit dolore suscipit vitae. Aut consequuntur optio quia laboriosam est.',1,0,0,'2019-12-07 11:56:20'),(194799,96,74,'Et molestiae culpa consectetur beatae quo in. Nisi est sint ut ducimus qui sunt. Modi velit corrupti assumenda iusto. Dolor est error aut expedita voluptatem aut.',0,1,1,'2020-02-07 12:09:25'),(226966,84,95,'Ratione unde sed illum vel provident iste. Exercitationem in ut vel dolorem eos hic eum.',0,0,1,'2019-07-24 07:14:19'),(506229,25,37,'Dolores laboriosam vero delectus temporibus ratione in. Et ipsum minima iusto optio id sed. Quisquam delectus et reiciendis quidem nesciunt.',0,1,1,'2019-06-30 18:27:37'),(529885,12,49,'Natus illum illo accusamus. Eum quia ut id saepe mollitia eos deleniti.',0,1,0,'2019-08-25 02:28:52'),(671491,6,83,'Fugit quam commodi praesentium eius culpa quae. Quidem ipsa error autem. Perspiciatis nihil et aperiam eos rerum odit.',1,0,0,'2019-04-27 10:38:25'),(726419,96,29,'Consequuntur dolorum ipsa expedita voluptatem aliquam. Et voluptas quia excepturi deserunt. Et impedit modi dolor et natus culpa perferendis. Odit ex optio atque placeat nesciunt molestiae sit.',0,0,0,'2019-05-23 09:52:34'),(765825,58,2,'Quia corporis incidunt fugit neque soluta commodi. Numquam exercitationem recusandae maxime temporibus laboriosam vitae. Ex perferendis quis quaerat quia ut harum.',0,0,0,'2019-07-19 20:54:44'),(847414,35,68,'Aliquam odio asperiores rerum quibusdam. Consequuntur et est dolores voluptas consequatur. Expedita quos rerum consequatur distinctio. Ut nam voluptatem tempora quae.',0,0,1,'2019-09-03 04:46:36'),(896485,34,65,'Ad cum magnam qui asperiores repellat quisquam perspiciatis mollitia. Sit suscipit voluptate fugit incidunt eveniet voluptatibus qui aut. Officia in et voluptas qui. Harum quaerat aut ad omnis.',0,1,1,'2019-03-27 23:28:54'),(930971,22,17,'Rerum provident fugit necessitatibus voluptatibus. Ut adipisci nam nam est provident consequuntur.',1,1,0,'2019-04-22 12:11:36'),(949966,19,40,'Quis odio id nam rem tenetur. Dolorem blanditiis repellendus cupiditate esse porro porro sequi consequatur. Dicta et dolorem omnis consequatur et non. Amet soluta id ea aut quia.',1,1,0,'2019-11-29 12:12:21'),(973298,46,6,'Quos sed quo enim perferendis quod aut molestiae. Labore ut doloremque quo explicabo culpa eum. Sit veniam dignissimos pariatur quia laboriosam.',0,0,1,'2019-05-12 06:34:39'),(992784,94,50,'Aut cumque eos maiores perferendis. Iure unde velit vel doloremque asperiores. Qui aut non quam laboriosam et corporis.',0,1,0,'2019-03-25 21:17:52'),(2440483,66,81,'Ipsam aliquid amet enim et. Est consectetur neque provident dolores omnis aut aperiam ut. Aliquam itaque sunt similique voluptatibus non saepe et. Enim ut voluptates voluptatem numquam eius.',0,0,1,'2019-07-03 04:21:51'),(3018319,6,88,'Laboriosam id quia nemo ut iusto. Dolorem saepe nostrum voluptas quod dolores adipisci at. Id perspiciatis vero quam voluptatum aut quae omnis.',0,0,0,'2020-02-03 19:27:41'),(3628472,20,34,'Quaerat sit rerum dolorum non saepe quae. Qui commodi dolor reiciendis. In debitis illum est. Dolor rerum omnis quia hic ut et. Necessitatibus est et deleniti inventore.',0,1,1,'2019-10-13 22:17:09'),(3804271,11,52,'Voluptate aspernatur et error alias veritatis et. Animi repellat earum id voluptates dolore voluptatem. Veritatis quas expedita rerum voluptas officia.',0,1,0,'2019-10-22 01:59:03'),(4305664,29,86,'Quo ea quo aspernatur voluptas beatae consequatur blanditiis. Dolor ut laborum doloremque laborum sed ducimus sapiente enim. Quia id dolores ea beatae dolor. Voluptatibus amet dignissimos porro eos quibusdam et quod.',0,1,0,'2020-02-06 00:37:34'),(6950466,42,51,'Ex inventore dolore ullam facere. Architecto et qui fugiat aut dolorum. Deserunt necessitatibus quidem voluptatem odio facere dicta impedit. Quaerat deleniti dolor officia possimus quod voluptatem.',1,1,1,'2019-08-27 21:39:26'),(7243857,28,88,'Recusandae similique aliquam illum eum nesciunt officiis. Vitae accusantium aut occaecati pariatur a dignissimos dolor. Et blanditiis qui qui. Et possimus rerum ducimus non occaecati est eum. Dolor architecto reprehenderit nihil voluptatem.',1,0,1,'2020-02-06 06:38:51'),(8039080,55,11,'Est quidem alias ut suscipit cupiditate. Nesciunt explicabo ut iusto ut et nihil. Deserunt ex aliquam quas officiis ipsa facilis.',1,1,0,'2019-05-02 16:54:45'),(11496443,89,11,'Aut quo exercitationem soluta unde dolorum. Repellendus ut inventore perspiciatis repellendus rerum illum. Eaque ut consequatur aperiam unde quia. Corrupti eligendi et earum totam est.',0,0,0,'2019-04-14 14:27:23'),(31122450,88,8,'Dolorem et qui minus aut. Expedita exercitationem sunt eos dicta.',0,0,1,'2019-04-19 17:48:37'),(39290662,76,53,'Aut veritatis ut ut consectetur et qui velit vel. Aliquam atque et et vitae officiis cumque autem corporis. Illum tempore est non delectus recusandae qui.',0,0,1,'2019-12-13 15:38:59'),(40399617,35,19,'Minus facere quisquam modi nostrum ducimus aut molestias. Quidem dolorem aut porro ut. Sit magni molestiae repellendus esse et sint et. Sint quis assumenda non eaque quia explicabo.',0,1,0,'2019-04-22 18:06:46'),(44111502,89,88,'Aut cumque cupiditate ut distinctio aliquam deleniti non quo. Voluptatem aut et omnis blanditiis aliquid. Placeat facilis aut dolor repellendus ipsum voluptate voluptatem.',0,0,1,'2020-02-24 20:30:44'),(44534967,73,98,'Eligendi rerum minus eaque hic. Ex est veritatis et recusandae at optio praesentium. Aliquid vel suscipit porro distinctio qui dolorem tempore blanditiis. Accusantium nesciunt aperiam commodi error.',1,0,1,'2020-02-09 06:36:27'),(68314054,70,55,'Et porro molestiae ut animi veritatis. Nobis eos dolores et ab quam in quasi. Et aspernatur saepe maxime quae quos officiis. Repellat molestiae ipsa id eligendi laborum.',1,1,1,'2019-04-19 11:02:59'),(82125913,68,72,'Asperiores recusandae eum accusamus molestiae recusandae. Quo nam ut voluptas sit. Ut quasi consequatur ut aut. Exercitationem doloremque enim vel ratione.',1,1,0,'2019-12-31 08:03:52'),(84482352,55,59,'Aut architecto odit esse explicabo aut fugit impedit. Incidunt quia voluptate quo aut quis doloremque. Quo ad qui necessitatibus vitae.',0,0,0,'2019-07-15 09:24:47'),(91551144,30,71,'Quia nihil eaque molestias voluptas voluptates eos. Non quos ipsa ut et qui. Nihil qui id nihil iste.',1,0,0,'2019-04-02 02:55:07'),(158330102,66,14,'Voluptate perferendis qui eaque commodi. Non quis occaecati accusantium facilis illo aut. Doloribus corrupti optio non praesentium quod.',1,1,0,'2020-01-30 14:28:44'),(167470152,75,31,'Cumque minima vitae animi fugit amet placeat. Repellendus aut harum et esse ratione eos voluptatem aut. Enim enim corporis dolore aperiam doloremque itaque. Consequatur et porro ut id.',0,0,0,'2020-01-07 06:17:16'),(185577653,31,62,'Qui et aperiam recusandae mollitia illum. Deleniti nam laborum sit illum repellendus aut ut maiores. Illum sunt quia est aut.',0,1,0,'2019-05-13 04:50:18'),(254631674,14,85,'Atque rerum architecto nesciunt impedit laudantium velit. Possimus tenetur quis rerum fugit vel. Sint velit aut quis fuga amet.',1,1,0,'2019-11-10 18:09:03'),(275107058,83,59,'Adipisci ut odit consequatur atque voluptatem. Vitae doloremque nisi dolorem natus eum nulla. Rerum aperiam ea praesentium nobis.',1,1,0,'2019-05-01 11:55:09'),(384162839,45,47,'Enim et voluptatibus ut sapiente ad. Blanditiis nemo accusamus earum totam aut illum non. Eveniet aut nihil eligendi et provident qui. Molestias dolores fugit alias fuga vitae dolorum itaque.',1,0,1,'2020-01-02 22:18:57'),(434160472,99,54,'Pariatur omnis in omnis porro. Adipisci dolores qui perspiciatis natus.',0,1,0,'2019-10-23 03:50:54'),(540002845,74,7,'Odit et voluptatem quam dolorem tenetur ullam. Harum consequatur repudiandae et officia delectus delectus consequatur. Necessitatibus placeat consectetur necessitatibus sunt rerum nemo. Qui officiis aspernatur necessitatibus eum vitae.',1,0,1,'2019-03-04 06:50:12'),(547166469,11,36,'Quam esse suscipit explicabo voluptas. Qui facilis quos porro qui dignissimos velit omnis earum.',0,0,1,'2019-04-01 07:32:45'),(775308300,46,21,'Voluptates sed error ea debitis. Autem minima quia quae. Qui eum natus dignissimos dolore quis quos occaecati. Vero aut nemo repellat in beatae. Dolor vel labore exercitationem sunt.',0,0,0,'2020-01-17 00:18:11'),(791414346,66,66,'Et eveniet voluptas ipsa quia ea aut ut. Quidem mollitia et deserunt amet recusandae. Officiis saepe consectetur non quibusdam vero molestias. Animi voluptates quia tempore accusamus eos ea.',0,0,1,'2019-03-15 16:03:45'),(849362243,31,56,'Nesciunt fugit deserunt id nesciunt architecto at doloribus. Aliquid illo dolores similique eos fuga facilis rem corrupti. Nostrum id quaerat quibusdam quibusdam sunt rerum id soluta.',0,0,0,'2020-02-14 15:22:11'),(941672361,85,60,'Qui delectus sint autem vel. Aspernatur officiis et rem sunt ex aut maxime nihil. Quos eos dolores libero est autem.',1,0,0,'2019-04-13 15:28:33'),(967022935,41,27,'Soluta eius nesciunt cupiditate distinctio. Corrupti voluptas velit eaque voluptates consequatur. Rerum magnam odit fugit in minima. Quod neque ducimus non facere. Repudiandae quae debitis nobis ea.',1,1,0,'2019-07-16 16:17:15');
/*!40000 ALTER TABLE `messages` ENABLE KEYS */;
UNLOCK TABLES;

--
-- Table structure for table `profiles`
--

DROP TABLE IF EXISTS `profiles`;
/*!40101 SET @saved_cs_client     = @@character_set_client */;
/*!50503 SET character_set_client = utf8mb4 */;
CREATE TABLE `profiles` (
  `user_id` int unsigned NOT NULL,
  `gender` char(1) CHARACTER SET utf8 COLLATE utf8_unicode_ci NOT NULL,
  `birthday` date DEFAULT NULL,
  `city` varchar(30) CHARACTER SET utf8 COLLATE utf8_unicode_ci DEFAULT NULL,
  `country` varchar(30) CHARACTER SET utf8 COLLATE utf8_unicode_ci DEFAULT NULL,
  `created_at` timestamp NOT NULL DEFAULT CURRENT_TIMESTAMP,
  `updated_at` timestamp NOT NULL DEFAULT CURRENT_TIMESTAMP ON UPDATE CURRENT_TIMESTAMP,
  PRIMARY KEY (`user_id`)
) ENGINE=InnoDB DEFAULT CHARSET=utf8 COLLATE=utf8_unicode_ci;
/*!40101 SET character_set_client = @saved_cs_client */;

--
-- Dumping data for table `profiles`
--

LOCK TABLES `profiles` WRITE;
/*!40000 ALTER TABLE `profiles` DISABLE KEYS */;
INSERT INTO `profiles` VALUES (1,'m','2018-09-25','North Dominiquechester','Afghanistan','2016-03-19 09:40:09','2020-03-04 20:20:00'),(2,'m','2019-02-09','Port Margiebury','Tunisia','2018-05-28 19:03:46','2020-03-04 20:20:00'),(3,'m','2018-06-29','Monahanview','Turkmenistan','2012-09-13 19:39:03','2020-03-04 20:20:00'),(4,'f','2018-04-27','Tyreeport','Mongolia','2010-10-25 13:07:13','2020-03-04 20:20:00'),(5,'m','2013-02-16','East Humberto','Swaziland','2010-12-03 18:21:47','2020-03-04 20:20:00'),(6,'f','2012-01-12','Lake Vanberg','Oman','2018-11-26 20:06:24','2020-03-04 20:20:00'),(7,'f','2014-04-07','Itzelside','Switzerland','2019-04-09 13:15:06','2020-03-04 20:20:00'),(8,'f','2018-01-22','North Vivianne','Mauritius','2010-06-05 23:12:52','2020-03-04 20:20:00'),(9,'f','2018-09-30','Bodehaven','Micronesia','2016-03-29 11:19:39','2020-03-04 20:20:00'),(10,'m','2012-08-27','Brownchester','Malawi','2019-10-08 04:23:55','2020-03-04 20:20:00'),(11,'f','2010-10-18','Kuphalbury','Gibraltar','2010-09-17 10:06:53','2020-03-04 20:20:00'),(12,'f','2014-10-10','Gaylordstad','Gabon','2014-11-23 00:48:28','2020-03-04 20:20:00'),(13,'m','2011-01-20','Muellerburgh','Togo','2018-09-13 10:55:20','2020-03-04 20:20:00'),(14,'m','2012-03-15','West Edgardoburgh','San Marino','2015-06-13 11:07:10','2020-03-04 20:20:00'),(15,'f','2018-03-03','Earlinebury','Tokelau','2016-10-01 07:19:27','2020-03-04 20:20:00'),(16,'f','2011-08-19','Santamouth','Guyana','2017-03-05 13:10:16','2020-03-04 20:20:00'),(17,'f','2012-10-09','Felipechester','Israel','2016-12-07 05:39:38','2020-03-04 20:20:00'),(18,'f','2017-02-16','Rainabury','Timor-Leste','2010-06-21 05:49:40','2020-03-04 20:20:00'),(19,'f','2015-06-21','Lake Aydenberg','New Zealand','2016-01-20 20:51:48','2020-03-04 20:20:00'),(20,'f','2013-07-25','Richardtown','Saudi Arabia','2019-08-10 08:39:38','2020-03-04 20:20:00'),(21,'f','2015-10-31','East Aaliyah','French Southern Territories','2018-11-15 08:57:56','2020-03-04 20:20:00'),(22,'f','2013-06-29','Lake Abigayle','Zambia','2018-12-27 15:22:55','2020-03-04 20:20:00'),(23,'f','2013-05-09','West Rhea','Saint Vincent and the Grenadin','2012-01-27 05:04:18','2020-03-04 20:20:00'),(24,'f','2019-03-25','West Scottychester','Anguilla','2011-11-29 06:03:03','2020-03-04 20:20:00'),(25,'m','2018-02-24','East Quentin','Uganda','2016-09-29 07:21:12','2020-03-04 20:20:00'),(26,'f','2011-09-23','Beatriceborough','Botswana','2013-06-23 03:30:16','2020-03-04 20:20:00'),(27,'m','2010-11-28','Port Guadalupe','Central African Republic','2015-03-05 01:56:25','2020-03-04 20:20:00'),(28,'m','2015-07-27','Ralphfurt','Greece','2015-03-07 00:10:38','2020-03-04 20:20:00'),(29,'f','2017-10-23','Hankhaven','Swaziland','2011-04-14 09:33:41','2020-03-04 20:20:00'),(30,'f','2019-04-19','Toyport','Argentina','2011-10-17 06:32:10','2020-03-04 20:20:00'),(31,'f','2015-01-21','O\'Connellside','Tuvalu','2014-06-04 17:49:27','2020-03-04 20:20:00'),(32,'f','2013-05-20','Binsshire','Bermuda','2016-10-12 10:24:09','2020-03-04 20:20:00'),(33,'m','2013-10-12','Hesselstad','Argentina','2013-12-14 13:10:24','2020-03-04 20:20:00'),(34,'m','2020-02-18','Schulistview','Egypt','2011-10-26 03:39:55','2020-03-04 20:20:00'),(35,'f','2011-04-10','Rogahnton','Israel','2010-11-21 09:05:54','2020-03-04 20:20:00'),(36,'m','2019-02-09','North Garthside','Norfolk Island','2016-12-07 23:22:34','2020-03-04 20:20:00'),(37,'m','2015-10-02','Kelleytown','Malawi','2014-06-13 03:46:44','2020-03-04 20:20:00'),(38,'f','2012-06-18','New Manleystad','United Arab Emirates','2014-01-17 11:03:40','2020-03-04 20:20:00'),(39,'m','2014-12-20','Ulisesland','Falkland Islands (Malvinas)','2018-10-05 08:46:49','2020-03-04 20:20:00'),(40,'m','2012-03-16','Ellenborough','Russian Federation','2016-07-30 17:45:36','2020-03-04 20:20:00'),(41,'m','2015-11-11','McLaughlinland','Palau','2018-02-10 22:04:21','2020-03-04 20:20:00'),(42,'m','2016-07-18','East Calistaberg','Brunei Darussalam','2017-08-06 23:08:41','2020-03-04 20:20:00'),(43,'f','2015-10-24','East Elwin','Kiribati','2018-09-05 06:57:05','2020-03-04 20:20:00'),(44,'f','2016-08-30','Lake Estelle','South Africa','2011-12-07 10:58:58','2020-03-04 20:20:00'),(45,'m','2014-03-01','East Sally','Philippines','2017-12-01 10:17:01','2020-03-04 20:20:00'),(46,'f','2013-06-07','Ebertburgh','Andorra','2019-10-31 03:49:24','2020-03-04 20:20:00'),(47,'f','2015-12-25','South Casimir','Jamaica','2010-09-19 15:18:07','2020-03-04 20:20:00'),(48,'f','2014-11-28','Alfredmouth','Egypt','2011-10-09 21:48:07','2020-03-04 20:20:00'),(49,'m','2018-01-21','North Kylaborough','Pitcairn Islands','2019-02-05 06:27:12','2020-03-04 20:20:00'),(50,'f','2013-04-07','Port Betsyhaven','Vanuatu','2015-06-20 11:00:07','2020-03-04 20:20:00'),(51,'m','2018-03-08','Friesenview','Christmas Island','2012-02-11 09:36:22','2020-03-04 20:20:00'),(52,'m','2012-11-23','Port Antoniaville','Equatorial Guinea','2018-11-16 01:55:25','2020-03-04 20:20:00'),(53,'m','2013-04-09','South Odellborough','Chile','2013-02-14 02:16:15','2020-03-04 20:20:00'),(54,'m','2013-09-05','North Gabeville','Korea','2013-09-02 01:23:15','2020-03-04 20:20:00'),(55,'f','2016-02-08','Carmelfort','Macao','2016-09-16 09:18:25','2020-03-04 20:20:00'),(56,'m','2017-11-04','West Mattie','Cocos (Keeling) Islands','2014-08-02 02:54:28','2020-03-04 20:20:00'),(57,'m','2012-02-08','North Isidrofurt','Germany','2015-11-16 14:31:30','2020-03-04 20:20:00'),(58,'f','2012-03-22','New Camillaville','Fiji','2015-12-03 15:57:08','2020-03-04 20:20:00'),(59,'f','2010-09-16','Lake Sonnyview','Australia','2012-08-02 21:48:14','2020-03-04 20:20:00'),(60,'m','2019-06-22','Herminiaville','Jersey','2015-08-12 07:13:07','2020-03-04 20:20:00'),(61,'m','2012-12-14','Lake Chandlermouth','Gabon','2011-03-09 10:32:10','2020-03-04 20:20:00'),(62,'m','2016-09-10','North Edward','United States Minor Outlying I','2013-11-14 06:46:43','2020-03-04 20:20:00'),(63,'m','2016-06-09','North Sarah','Albania','2015-07-07 05:21:36','2020-03-04 20:20:00'),(64,'m','2019-12-25','Christiansenton','Cameroon','2017-09-06 03:25:21','2020-03-04 20:20:00'),(65,'f','2014-03-05','Kristafort','Saint Helena','2019-03-30 20:10:34','2020-03-04 20:20:00'),(66,'m','2018-03-05','Linneaberg','Pitcairn Islands','2012-05-15 10:47:37','2020-03-04 20:20:00'),(67,'f','2018-03-04','South Niaview','Norfolk Island','2017-10-06 10:09:41','2020-03-04 20:20:00'),(68,'m','2015-04-07','Samsontown','Korea','2014-04-10 11:36:44','2020-03-04 20:20:00'),(69,'f','2011-06-11','North Zoeton','Indonesia','2016-04-30 07:24:48','2020-03-04 20:20:00'),(70,'m','2018-09-01','Port Rosettachester','Monaco','2016-01-23 00:18:14','2020-03-04 20:20:00'),(71,'f','2016-10-04','West Wava','Djibouti','2018-12-08 08:45:46','2020-03-04 20:20:00'),(72,'m','2017-05-15','Bashiriantown','New Zealand','2017-05-03 00:28:25','2020-03-04 20:20:00'),(73,'m','2014-02-07','Bruenmouth','Albania','2018-02-19 10:35:09','2020-03-04 20:20:00'),(74,'f','2014-10-12','Port Art','Christmas Island','2018-02-18 03:32:28','2020-03-04 20:20:00'),(75,'m','2010-08-06','Lynchland','Faroe Islands','2010-05-29 20:13:45','2020-03-04 20:20:00'),(76,'m','2017-03-16','New Marlene','Belgium','2018-07-20 02:38:23','2020-03-04 20:20:00'),(77,'m','2013-06-14','Mittieport','Maldives','2016-01-17 13:14:11','2020-03-04 20:20:00'),(78,'f','2012-03-12','South Katherine','Tunisia','2013-09-28 05:39:56','2020-03-04 20:20:00'),(79,'f','2018-09-08','Tyriqueside','Heard Island and McDonald Isla','2019-08-20 14:43:01','2020-03-04 20:20:00'),(80,'f','2017-05-24','McCulloughshire','Nigeria','2014-01-08 21:34:39','2020-03-04 20:20:00'),(81,'f','2017-03-20','Jonathonton','Sierra Leone','2015-09-08 20:48:21','2020-03-04 20:20:00'),(82,'f','2014-11-25','Port Laurieshire','Nicaragua','2016-07-22 13:36:11','2020-03-04 20:20:00'),(83,'m','2017-12-19','North Claudshire','Trinidad and Tobago','2018-02-07 05:57:39','2020-03-04 20:20:00'),(84,'f','2019-06-16','West Bobby','France','2018-03-07 21:16:16','2020-03-04 20:20:00'),(85,'m','2012-07-16','Demetrisville','Spain','2013-02-17 12:11:21','2020-03-04 20:20:00'),(86,'m','2016-02-22','Lake Kristaport','Dominica','2015-11-13 21:04:10','2020-03-04 20:20:00'),(87,'f','2013-06-03','South Silasstad','Zimbabwe','2019-04-29 22:40:50','2020-03-04 20:20:00'),(88,'m','2015-03-22','Toreystad','Austria','2011-10-07 03:41:51','2020-03-04 20:20:00'),(89,'m','2017-04-07','Heaneyfort','Madagascar','2018-05-23 20:29:16','2020-03-04 20:20:00'),(90,'m','2014-10-27','Miaton','Honduras','2013-11-24 17:07:34','2020-03-04 20:20:00'),(91,'f','2014-02-11','O\'Reillymouth','Namibia','2014-09-21 17:53:20','2020-03-04 20:20:00'),(92,'m','2015-10-29','Port Rodgerfort','Kuwait','2015-11-27 19:58:38','2020-03-04 20:20:00'),(93,'f','2010-10-25','Mertzland','New Zealand','2013-08-12 09:18:54','2020-03-04 20:20:00'),(94,'f','2010-03-20','Port Emorychester','British Indian Ocean Territory','2015-09-18 01:21:29','2020-03-04 20:20:00'),(95,'m','2014-12-09','New Armanimouth','China','2017-12-12 00:20:41','2020-03-04 20:20:00'),(96,'m','2012-09-29','East Daniellastad','Kazakhstan','2013-04-16 04:17:35','2020-03-04 20:20:00'),(97,'f','2015-05-02','East Loyal','Hungary','2015-03-19 00:50:11','2020-03-04 20:20:00'),(98,'f','2011-11-28','Aliyaview','Comoros','2017-10-19 13:17:53','2020-03-04 20:20:00'),(99,'m','2011-10-01','Freddieton','Liechtenstein','2015-01-19 07:23:40','2020-03-04 20:20:00'),(100,'m','2011-12-05','New Deshaunhaven','Djibouti','2014-08-11 14:17:22','2020-03-04 20:20:00');
/*!40000 ALTER TABLE `profiles` ENABLE KEYS */;
UNLOCK TABLES;

--
-- Table structure for table `users`
--

DROP TABLE IF EXISTS `users`;
/*!40101 SET @saved_cs_client     = @@character_set_client */;
/*!50503 SET character_set_client = utf8mb4 */;
CREATE TABLE `users` (
  `id` int unsigned NOT NULL AUTO_INCREMENT,
  `first_name` varchar(50) CHARACTER SET utf8 COLLATE utf8_unicode_ci NOT NULL,
  `last_name` varchar(50) CHARACTER SET utf8 COLLATE utf8_unicode_ci NOT NULL,
  `e_mail` varchar(50) CHARACTER SET utf8 COLLATE utf8_unicode_ci NOT NULL,
  `phone` int NOT NULL,
  `created_at` timestamp NOT NULL DEFAULT CURRENT_TIMESTAMP,
  `updated_at` timestamp NOT NULL DEFAULT CURRENT_TIMESTAMP ON UPDATE CURRENT_TIMESTAMP,
  PRIMARY KEY (`id`),
  UNIQUE KEY `e_mail` (`e_mail`),
  UNIQUE KEY `phone` (`phone`)
) ENGINE=InnoDB AUTO_INCREMENT=401 DEFAULT CHARSET=utf8 COLLATE=utf8_unicode_ci;
/*!40101 SET character_set_client = @saved_cs_client */;

--
-- Dumping data for table `users`
--

LOCK TABLES `users` WRITE;
/*!40000 ALTER TABLE `users` DISABLE KEYS */;
INSERT INTO `users` VALUES (1,'Miles','Lubowitz','enienow@example.org',0,'2010-02-24 02:53:13','2020-03-04 19:54:23'),(2,'Efrain','Frami','zleannon@example.com',1,'2010-02-24 02:53:13','2020-03-04 19:54:23'),(3,'Jaycee','Thiel','halvorson.dayna@example.org',85,'2010-02-24 02:53:13','2020-03-04 19:57:15'),(4,'Eileen','Treutel','narciso29@example.net',98,'1982-01-30 16:23:54','2020-03-04 19:57:15'),(5,'Isabelle','Stanton','tvandervort@example.net',95,'2016-04-10 17:16:48','2020-03-04 19:57:15'),(6,'Jailyn','Gutmann','maurine66@example.net',720797,'1976-03-03 20:32:18','2020-03-04 19:57:15'),(7,'Will','Muller','lucio.schaden@example.net',770,'2016-04-16 17:53:27','2020-03-04 19:57:15'),(8,'Carlo','Tremblay','burnice.spencer@example.org',946988,'1980-07-22 20:24:40','2020-03-04 19:57:15'),(9,'Katherine','Dach','camille.luettgen@example.org',541,'2004-07-25 12:08:10','2020-03-04 19:57:15'),(10,'Francisco','Toy','lowe.elian@example.com',371113,'1985-11-02 18:00:32','2020-03-04 19:57:15'),(11,'Halie','Cormier','batz.hattie@example.net',814547,'1985-11-02 18:00:32','2020-03-04 19:57:15'),(12,'Zakary','Wiegand','rschmidt@example.com',487752,'1985-11-02 18:00:32','2020-03-04 19:57:15'),(13,'Catalina','King','eleanora46@example.org',901562,'2004-07-25 12:08:10','2020-03-04 19:57:15'),(14,'Kelsi','Thompson','laurine.green@example.org',36978,'1985-08-25 18:46:29','2020-03-04 19:57:15'),(15,'Weston','Rutherford','morris.huels@example.com',779760905,'2004-07-25 12:08:10','2020-03-04 19:57:15'),(16,'Chasity','Borer','ari.conroy@example.net',66,'2004-07-25 12:08:10','2020-03-04 19:57:15'),(17,'Bell','Price','ndietrich@example.net',895,'2013-11-13 17:22:30','2020-03-04 19:57:15'),(18,'Santina','Mayer','tiffany.goldner@example.org',688,'1976-05-03 09:18:55','2020-03-04 19:57:15'),(19,'Jabari','Simonis','eleazar.quigley@example.org',646,'2004-07-25 12:08:10','2020-03-04 19:57:15'),(20,'Alize','Feeney','chyna87@example.org',896,'1994-08-29 02:16:10','2020-03-04 19:57:15'),(21,'Jake','Graham','garland.lubowitz@example.net',366,'1979-02-18 18:33:11','2020-03-04 19:57:15'),(22,'Ayana','Halvorson','korbin.batz@example.org',706797,'1994-08-29 02:16:10','2020-03-04 19:57:15'),(23,'Berniece','Kohler','zjohnston@example.org',2147483647,'1994-08-29 02:16:10','2020-03-04 19:57:15'),(24,'Saige','Nicolas','ricky.bogan@example.com',617,'1994-08-29 02:16:10','2020-03-04 19:57:15'),(25,'Antonio','Keeling','berge.lesley@example.org',714399,'1994-08-29 02:16:10','2020-03-04 19:57:15'),(26,'Armani','Ebert','merle.brakus@example.org',949381,'1994-08-29 02:16:10','2020-03-04 19:57:15'),(27,'Terence','Doyle','trycia53@example.net',374124,'1994-08-29 02:16:10','2020-03-04 19:57:15'),(28,'Easter','Gutmann','cnolan@example.com',865882,'1994-08-29 02:16:10','2020-03-04 19:57:15'),(29,'Kory','Bechtelar','hcole@example.net',339,'1994-08-29 02:16:10','2020-03-04 19:57:15'),(30,'Alexandre','Schoen','kunde.donnell@example.com',197884,'1994-08-29 02:16:10','2020-03-04 19:57:15'),(31,'Lawson','Upton','fmarks@example.org',294241,'1994-08-29 02:16:10','2020-03-04 19:57:15'),(32,'Sigmund','Schmitt','etremblay@example.net',868,'1994-08-29 02:16:10','2020-03-04 19:57:15'),(33,'Madaline','Leuschke','zane.blanda@example.com',464,'1981-02-07 11:42:35','2020-03-04 19:57:15'),(34,'Rogelio','Senger','keira29@example.org',19,'1994-08-29 02:16:10','2020-03-04 19:57:15'),(35,'Morris','Powlowski','ncartwright@example.net',231,'1994-08-29 02:16:10','2020-03-04 19:57:15'),(36,'Kamryn','Reichert','kvon@example.com',585328,'1994-08-29 02:16:10','2020-03-04 19:57:15'),(37,'Lola','Mayert','dalton.stoltenberg@example.org',165485,'1994-08-29 02:16:10','2020-03-04 19:57:15'),(38,'Sibyl','Green','lilian.dare@example.net',457860,'1996-04-06 22:34:57','2020-03-04 19:57:15'),(39,'Saige','Trantow','godfrey36@example.com',288,'1994-08-29 02:16:10','2020-03-04 19:57:15'),(40,'Lempi','Jacobson','lexie.hamill@example.net',469,'1992-09-04 03:49:24','2020-03-04 19:57:15'),(41,'Napoleon','Farrell','abel.conroy@example.net',314,'1994-08-29 02:16:10','2020-03-04 19:57:15'),(42,'Dorcas','Koelpin','geichmann@example.org',440,'1994-08-29 02:16:10','2020-03-04 19:57:15'),(43,'Faye','Medhurst','erin.littel@example.net',413,'1995-09-09 12:14:48','2020-03-04 19:57:15'),(44,'Toby','Swaniawski','ejohnson@example.org',916536,'2012-01-26 07:50:07','2020-03-04 19:57:15'),(45,'Glen','Hessel','ostroman@example.org',231363,'2015-05-15 02:50:21','2020-03-04 19:57:15'),(46,'Tyrese','Jenkins','smitham.chance@example.net',236,'1994-08-29 02:16:10','2020-03-04 19:57:15'),(47,'Dominique','Gleichner','abshire.emerson@example.net',885,'1994-08-29 02:16:10','2020-03-04 19:57:15'),(48,'Edgardo','Murphy','watsica.emiliano@example.net',631,'1994-08-29 02:16:10','2020-03-04 19:57:15'),(49,'Kristin','Smith','mpacocha@example.net',509,'1994-08-29 02:16:10','2020-03-04 19:57:15'),(50,'Dorcas','O\'Kon','tristian22@example.net',102581,'1994-08-29 02:16:10','2020-03-04 19:57:15'),(51,'Emilio','Ratke','nitzsche.francisca@example.org',467,'1994-08-29 02:16:10','2020-03-04 19:57:15'),(52,'Zoey','Trantow','afton36@example.com',998,'1984-12-11 04:41:50','2020-03-04 19:57:15'),(53,'Sedrick','Welch','pfannerstill.ayden@example.net',914,'1994-08-29 02:16:10','2020-03-04 19:57:15'),(54,'Elinore','Jacobson','gislason.branson@example.org',131,'1994-08-29 02:16:10','2020-03-04 19:57:15'),(55,'Malvina','Keebler','pswift@example.net',50,'1994-08-29 02:16:10','2020-03-04 19:57:15'),(56,'Seth','Braun','blueilwitz@example.net',93670,'1994-08-29 02:16:10','2020-03-04 19:57:15'),(57,'Dianna','Ledner','brown.armstrong@example.net',599569,'1975-11-15 08:07:17','2020-03-04 19:57:15'),(58,'Dustin','Thiel','ywisozk@example.org',211,'1988-06-19 20:36:15','2020-03-04 19:57:15'),(59,'Rollin','Cruickshank','hhilll@example.org',72,'1994-08-29 02:16:10','2020-03-04 19:57:15'),(60,'Davonte','Ratke','carolanne50@example.org',688472,'1994-08-29 02:16:10','2020-03-04 19:57:15'),(61,'Cristobal','Moore','tshanahan@example.net',691,'2018-04-17 02:43:03','2020-03-04 19:57:16'),(62,'Merritt','Lehner','bridie02@example.com',182,'1994-08-29 02:16:10','2020-03-04 19:57:16'),(63,'Ford','Rowe','adelia35@example.com',453408,'1994-08-29 02:16:10','2020-03-04 19:57:16'),(64,'Leilani','Moore','vvon@example.org',693982,'1980-10-12 23:24:03','2020-03-04 19:57:16'),(65,'Isobel','Ankunding','cory.upton@example.com',779116,'1987-12-30 20:58:25','2020-03-04 19:57:16'),(66,'Lamar','Larson','hills.bulah@example.com',99,'1987-06-14 16:19:48','2020-03-04 19:57:16'),(67,'Edyth','Stracke','schmitt.hazel@example.com',431,'1976-09-15 19:52:07','2020-03-04 19:57:16'),(68,'Cullen','Heidenreich','grace12@example.org',103828,'1971-11-15 05:17:38','2020-03-04 19:57:16'),(69,'Emmanuelle','Kuhlman','icie32@example.net',335505,'1971-11-15 05:17:38','2020-03-04 19:57:16'),(70,'Ashly','Jaskolski','una.becker@example.net',801,'2007-10-02 10:20:18','2020-03-04 19:57:16'),(71,'Skye','Howe','udare@example.com',598869,'1980-01-25 08:21:54','2020-03-04 19:57:16'),(72,'Sheila','Nitzsche','davis.aniyah@example.net',331,'1980-01-25 08:21:54','2020-03-04 19:57:16'),(73,'Pearlie','Oberbrunner','effie.kemmer@example.org',904392,'1980-01-25 08:21:54','2020-03-04 19:57:16'),(74,'Pete','Harvey','iwilderman@example.com',452662,'1978-08-23 04:23:32','2020-03-04 19:57:16'),(75,'Zack','Keebler','grayce15@example.com',390,'1980-01-25 08:21:54','2020-03-04 19:57:16'),(76,'Catalina','Hodkiewicz','adrienne80@example.com',282255,'1980-01-25 08:21:54','2020-03-04 19:57:16'),(77,'Sylvester','Weissnat','raegan69@example.org',449,'2004-04-23 01:12:14','2020-03-04 19:57:16'),(78,'Wallace','Koelpin','ujast@example.net',650,'1996-04-25 22:07:57','2020-03-04 19:57:16'),(79,'Nels','Olson','kling.kaitlin@example.net',27,'1996-04-25 22:07:57','2020-03-04 19:57:16'),(80,'Thea','Jacobi','lcremin@example.org',936,'1996-04-25 22:07:57','2020-03-04 19:57:16'),(81,'Hilton','Glover','vkutch@example.com',430247,'1996-04-25 22:07:57','2020-03-04 19:57:16'),(82,'Gene','Davis','idicki@example.org',378856,'1996-04-25 22:07:57','2020-03-04 19:57:16'),(83,'Macey','Ziemann','jazlyn40@example.net',118405,'1996-04-25 22:07:57','2020-03-04 19:57:16'),(84,'Austen','Kulas','friesen.robyn@example.org',404556,'1996-04-25 22:07:57','2020-03-04 19:57:16'),(85,'Ella','Champlin','luther64@example.net',122,'1996-04-25 22:07:57','2020-03-04 19:57:16'),(86,'Alessia','Emard','sim70@example.net',1863748440,'1996-04-25 22:07:57','2020-03-04 19:57:16'),(87,'Dina','Price','herta.schimmel@example.com',1011399443,'1996-04-25 22:07:57','2020-03-04 19:57:16'),(88,'Vaughn','Fahey','scartwright@example.net',907,'1996-04-25 22:07:57','2020-03-04 19:57:16'),(89,'Fannie','Stracke','anderson.danika@example.net',737385,'1996-04-25 22:07:57','2020-03-04 19:57:16'),(90,'Jerrold','Volkman','nking@example.net',72653,'1985-10-09 03:50:12','2020-03-04 19:57:16'),(91,'Jayson','Orn','reilly63@example.net',446962,'1996-04-25 22:07:57','2020-03-04 19:57:16'),(92,'Ismael','Kessler','elenor19@example.net',124,'1996-04-25 22:07:57','2020-03-04 19:57:16'),(93,'Dejon','Paucek','ozella.labadie@example.com',869,'1996-04-25 22:07:57','2020-03-04 19:57:16'),(94,'Maximillia','Considine','isaac97@example.org',896303,'1996-04-25 22:07:57','2020-03-04 19:57:16'),(95,'Aracely','Weimann','jakubowski.marlin@example.org',219715,'1996-04-25 22:07:57','2020-03-04 19:57:16'),(96,'Juliet','Crist','crystal26@example.net',715,'2016-08-05 00:32:52','2020-03-04 19:57:16'),(97,'Kaya','Becker','roderick.stracke@example.com',889,'1996-04-25 22:07:57','2020-03-04 19:57:16'),(98,'Clementina','Russel','kuphal.gabriel@example.net',2034047768,'1996-04-25 22:07:57','2020-03-04 19:57:16'),(99,'Jocelyn','Kessler','rau.royal@example.net',54,'2010-09-17 16:28:59','2020-03-04 19:57:16'),(100,'Erna','Luettgen','mdare@example.com',793413,'1996-04-25 22:07:57','2020-03-04 19:57:16');
/*!40000 ALTER TABLE `users` ENABLE KEYS */;
UNLOCK TABLES;
/*!40103 SET TIME_ZONE=@OLD_TIME_ZONE */;

/*!40101 SET SQL_MODE=@OLD_SQL_MODE */;
/*!40014 SET FOREIGN_KEY_CHECKS=@OLD_FOREIGN_KEY_CHECKS */;
/*!40014 SET UNIQUE_CHECKS=@OLD_UNIQUE_CHECKS */;
/*!40101 SET CHARACTER_SET_CLIENT=@OLD_CHARACTER_SET_CLIENT */;
/*!40101 SET CHARACTER_SET_RESULTS=@OLD_CHARACTER_SET_RESULTS */;
/*!40101 SET COLLATION_CONNECTION=@OLD_COLLATION_CONNECTION */;
/*!40111 SET SQL_NOTES=@OLD_SQL_NOTES */;

-- Dump completed on 2020-03-04 23:58:24
